{"nm":"Menu_1","ddd":0,"h":400,"w":400,"meta":{"g":"@lottiefiles/toolkit-js 0.33.2"},"layers":[{"ty":4,"nm":"#burger_1","sr":1,"st":0,"op":75,"ip":0,"hd":false,"ln":"burger_1","ddd":0,"bm":0,"hasMask":false,"ao":0,"ks":{"a":{"a":0,"k":[0,0,0],"ix":1},"s":{"a":0,"k":[100,100,100],"ix":6},"sk":{"a":0,"k":0},"p":{"a":0,"k":[200,199.875,0],"ix":2},"r":{"a":0,"k":0,"ix":10},"sa":{"a":0,"k":0},"o":{"a":0,"k":100,"ix":11}},"ef":[],"shapes":[{"ty":"gr","bm":0,"cl":"barre_1","hd":false,"mn":"ADBE Vector Group","nm":".barre_1","ix":1,"cix":2,"np":2,"it":[{"ty":"rc","bm":0,"hd":false,"mn":"ADBE Vector Shape - Rect","nm":"TracÃ© rectangulaire 1","d":1,"p":{"a":0,"k":[0,0],"ix":3},"r":{"a":0,"k":140,"ix":4},"s":{"a":0,"k":[220,20],"ix":2}},{"ty":"fl","bm":0,"hd":false,"mn":"ADBE Vector Graphic - Fill","nm":"Fond 1","c":{"a":0,"k":[0.0824,0.0863,0.0863],"ix":4},"r":1,"o":{"a":0,"k":100,"ix":5}},{"ty":"tr","a":{"a":0,"k":[0,0],"ix":1},"s":{"a":0,"k":[100,100],"ix":3},"sk":{"a":0,"k":0,"ix":4},"p":{"a":1,"k":[{"o":{"x":0.463,"y":0},"i":{"x":0.076,"y":1},"s":[0,-75],"t":5,"ti":[0,-8.527],"to":[0,1.306]},{"h":1,"o":{"x":0.167,"y":0.167},"i":{"x":0.833,"y":0.833},"s":[0,0],"t":30},{"o":{"x":0.924,"y":0},"i":{"x":0.537,"y":1},"s":[0,0],"t":45,"ti":[0,1.306],"to":[0,-8.527]},{"s":[0,-75],"t":70}],"ix":2},"r":{"a":1,"k":[{"o":{"x":0.463,"y":0},"i":{"x":0.076,"y":1},"s":[0],"t":5},{"h":1,"o":{"x":0.167,"y":0.167},"i":{"x":0.833,"y":0.833},"s":[45],"t":30},{"o":{"x":0.924,"y":0},"i":{"x":0.537,"y":1},"s":[45],"t":45},{"s":[0],"t":70}],"ix":6},"sa":{"a":0,"k":0,"ix":5},"o":{"a":0,"k":100,"ix":7}}]}],"ind":1},{"ty":4,"nm":"#burger_2","sr":1,"st":0,"op":75,"ip":0,"hd":false,"ln":"burger_2","ddd":0,"bm":0,"hasMask":false,"ao":0,"ks":{"a":{"a":0,"k":[0,0,0],"ix":1},"s":{"a":0,"k":[100,100,100],"ix":6},"sk":{"a":0,"k":0},"p":{"a":0,"k":[200,199.875,0],"ix":2},"r":{"a":0,"k":0,"ix":10},"sa":{"a":0,"k":0},"o":{"a":0,"k":100,"ix":11}},"ef":[],"shapes":[{"ty":"gr","bm":0,"cl":"barre_2","hd":false,"mn":"ADBE Vector Group","nm":".barre_2","ix":1,"cix":2,"np":2,"it":[{"ty":"rc","bm":0,"hd":false,"mn":"ADBE Vector Shape - Rect","nm":"TracÃ© rectangulaire 1","d":1,"p":{"a":0,"k":[0,0],"ix":3},"r":{"a":0,"k":84,"ix":4},"s":{"a":0,"k":[220,20],"ix":2}},{"ty":"fl","bm":0,"hd":false,"mn":"ADBE Vector Graphic - Fill","nm":"Fond 1","c":{"a":0,"k":[0.0824,0.0863,0.0863],"ix":4},"r":1,"o":{"a":0,"k":100,"ix":5}},{"ty":"tr","a":{"a":0,"k":[0,0],"ix":1},"s":{"a":1,"k":[{"o":{"x":0.699,"y":0},"i":{"x":0.183,"y":1},"s":[100,100],"t":5},{"o":{"x":0.167,"y":0.167},"i":{"x":0.833,"y":0.833},"s":[0,100],"t":30},{"o":{"x":0.817,"y":0},"i":{"x":0.301,"y":1},"s":[0,100],"t":45},{"s":[100,100],"t":70}],"ix":3},"sk":{"a":0,"k":0,"ix":4},"p":{"a":1,"k":[{"o":{"x":0.167,"y":0.167},"i":{"x":0.833,"y":0.833},"s":[0,0],"t":5,"ti":[0,0],"to":[0,0]},{"h":1,"o":{"x":0.167,"y":0.167},"i":{"x":0.833,"y":0.833},"s":[0,0],"t":30},{"o":{"x":0.167,"y":0.167},"i":{"x":0.833,"y":0.833},"s":[0,0],"t":45,"ti":[0,0],"to":[0,0]},{"s":[0,0],"t":70}],"ix":2},"r":{"a":0,"k":0,"ix":6},"sa":{"a":0,"k":0,"ix":5},"o":{"a":0,"k":100,"ix":7}}]}],"ind":2},{"ty":4,"nm":"#burger_3","sr":1,"st":0,"op":75,"ip":0,"hd":false,"ln":"burger_3","ddd":0,"bm":0,"hasMask":false,"ao":0,"ks":{"a":{"a":0,"k":[0,0,0],"ix":1},"s":{"a":0,"k":[100,100,100],"ix":6},"sk":{"a":0,"k":0},"p":{"a":0,"k":[200,199.875,0],"ix":2},"r":{"a":0,"k":0,"ix":10},"sa":{"a":0,"k":0},"o":{"a":0,"k":100,"ix":11}},"ef":[],"shapes":[{"ty":"gr","bm":0,"cl":"barre_3","hd":false,"mn":"ADBE Vector Group","nm":".barre_3","ix":1,"cix":2,"np":2,"it":[{"ty":"rc","bm":0,"hd":false,"mn":"ADBE Vector Shape - Rect","nm":"TracÃ© rectangulaire 1","d":1,"p":{"a":0,"k":[0,0],"ix":3},"r":{"a":0,"k":27,"ix":4},"s":{"a":0,"k":[220,20],"ix":2}},{"ty":"fl","bm":0,"hd":false,"mn":"ADBE Vector Graphic - Fill","nm":"Fond 1","c":{"a":0,"k":[0.0824,0.0863,0.0863],"ix":4},"r":1,"o":{"a":0,"k":100,"ix":5}},{"ty":"tr","a":{"a":0,"k":[0,0],"ix":1},"s":{"a":0,"k":[100,100],"ix":3},"sk":{"a":0,"k":0,"ix":4},"p":{"a":1,"k":[{"o":{"x":0.463,"y":0},"i":{"x":0.076,"y":1},"s":[0,75],"t":5,"ti":[0,8.527],"to":[0,-1.306]},{"h":1,"o":{"x":0.167,"y":0.167},"i":{"x":0.833,"y":0.833},"s":[0,0],"t":30},{"o":{"x":0.924,"y":0},"i":{"x":0.537,"y":1},"s":[0,0],"t":45,"ti":[0,-1.306],"to":[0,8.527]},{"s":[0,75],"t":70}],"ix":2},"r":{"a":1,"k":[{"o":{"x":0.463,"y":0},"i":{"x":0.076,"y":1},"s":[0],"t":5},{"h":1,"o":{"x":0.167,"y":0.167},"i":{"x":0.833,"y":0.833},"s":[-45],"t":30},{"o":{"x":0.924,"y":0},"i":{"x":0.537,"y":1},"s":[-45],"t":45},{"s":[0],"t":70}],"ix":6},"sa":{"a":0,"k":0,"ix":5},"o":{"a":0,"k":100,"ix":7}}]}],"ind":3}],"v":"5.5.2","fr":25,"op":75,"ip":0,"assets":[]}